/*USE machineShop;
GO
INSERT INTO ZipCode VALUES ('56987', 'Detroit', 'MI')
INSERT INTO ZipCode VALUES ('56988', 'Brooklyn', 'NY')
INSERT INTO ZipCode VALUES ('56989', 'Fortwayne', 'IN')
INSERT INTO ZipCode VALUES ('56980', 'Jackson', 'FL')
INSERT INTO ZipCode VALUES ('56981', 'Boston', 'MA')
INSERT INTO ZipCode VALUES ('56982', 'Lansing', 'MI')

INSERT INTO Machine VALUES ('TC1', 'Lathe', 'Turning')
INSERT INTO Machine VALUES ('OK2', 'Mill', 'Milling')
INSERT INTO Machine VALUES ('TC5', 'Lathe', 'Turning')
INSERT INTO Machine VALUES ('VMC2', 'Mill', 'Milling')
INSERT INTO Machine VALUES ('OK10', 'Mill', 'Milling')
INSERT INTO Machine VALUES ('TC8', 'Lathe', 'Turning')

INSERT INTO RawParts VALUES (1, 'Ste-001', 'Stainless Steel', 500)
INSERT INTO RawParts VALUES (2, 'Car-002', 'Carbon', 600)
INSERT INTO RawParts VALUES (3, 'Alu-003', 'Aluminum', 700)
INSERT INTO RawParts VALUES (4, 'Bra-004', 'Brass', 800)
INSERT INTO RawParts VALUES (5, 'Ste-005', 'Steel', 900)
INSERT INTO RawParts VALUES (6, 'Cast-006', 'Cast-iron', 1000)

INSERT INTO Employee VALUES (1001, 'David', 'Joshua', '104 Spark Place', '5/15/1998', '2/3/2020', '231-2589-5897', '56987')
INSERT INTO Employee VALUES (1002, 'Mark', 'Jeremiah', '258 Old Rugged Road', '5/16/1999', '2/4/2020', '231-2589-5898', '56988')
INSERT INTO Employee VALUES (1003, 'John', 'Noah', '10 Creek Rd', '5/17/1997', '2/5/2020', '231-2589-5899', '56989')
INSERT INTO Employee VALUES (1004, 'Peter', 'Paul', '356 Flappy Blvd', '5/18/1996', '2/6/2020', '231-2589-5900', '56980')
INSERT INTO Employee VALUES (1005, 'James', 'Adam', '61 Center st', '5/19/1995', '2/7/2020', '231-2589-5901', '56981')
INSERT INTO Employee VALUES (1006, 'Luke', 'Solomon', '26 Lakeside Ave', '5/20/1994', '2/8/2020', '231-2589-5902', '56982')

INSERT INTO FinishedParts VALUES (1, 'Float stem', 1, 70, 'Ste-007')
INSERT INTO FinishedParts VALUES (2, 'Elbow', 2, 80, 'Car-007')
INSERT INTO FinishedParts VALUES (3, 'Pump cap', 3, 90, 'Alu-007')
INSERT INTO FinishedParts VALUES (4, 'Nuts', 4, 100, 'Bra-007')
INSERT INTO FinishedParts VALUES (5, 'Manifold', 5, 110, 'Ste-007')
INSERT INTO FinishedParts VALUES (6, 'Bearing cover', 6, 120, 'Cas-007')
INSERT INTO FinishedParts VALUES (7, 'Mount cover', 6, 100, 'Car-007')

INSERT INTO WorkOrder VALUES (123451, 1, '2021/2/10', '2021/8/10', 50, '01:00')
INSERT INTO WorkOrder VALUES (123452, 2, '2021/3/10', '2021/9/10', 100, '02:00')
INSERT INTO WorkOrder VALUES (123453, 3, '2021/4/10', '2021/10/10', 150, '03:00')
INSERT INTO WorkOrder VALUES (123454, 4, '2021/5/10', '2021/11/10', 200, '04:00')
INSERT INTO WorkOrder VALUES (123455, 5, '2021/6/10', '2021/12/10', 250, '05:00')
INSERT INTO WorkOrder VALUES (123456, 6, '2021/7/10', '2021/10/10', 300, '06:00')
INSERT INTO WorkOrder VALUES (123457, 7, '2021/8/10', '2021/11/10', 120, '03:00')

INSERT INTO DailyRun VALUES (1, '2021/10/02', 1001, 123451, 'TC1', 10, '08:00') 
INSERT INTO DailyRun VALUES (2, '2021/10/03', 1002, 123452, 'OK2', 20, '05:00') 
INSERT INTO DailyRun VALUES (3, '2021/10/04', 1003, 123453, 'TC5', 25, '08:00') 
INSERT INTO DailyRun VALUES (4, '2021/10/05', 1004, 123454, 'VMC2', 40, '04:00') 
INSERT INTO DailyRun VALUES (5, '2021/10/06', 1005, 123455, 'OK10', 20, '06:00') 
INSERT INTO DailyRun VALUES (6, '2021/10/07', 1006, 123456, 'TC8', 30, '08:00') 
INSERT INTO DailyRun VALUES (7, '2021/10/08', 1006, 123457, 'TC8', 50, '08:00') 
INSERT INTO DailyRun VALUES (8, '2021/10/09', 1002, 123451, 'TC1', 10, '08:00') */
